,Artist,Rank,Song Title,Year
0,Simon & Garfunkel,1,Bridge Over Troubled Water,1970
1,Carpenters,2,(They Long To Be) Close To You,1970
2,The Guess Who,3,American Woman/No Sugar Tonight,1970
3,B.J. Thomas,4,Raindrops Keep Fallin' On My Head,1970
4,Edwin Starr,5,War,1970
5,Diana Ross,6,Ain't No Mountain High Enough,1970
6,Jackson 5,7,I'll Be There,1970
7,Rare Earth,8,Get Ready,1970
8,The Beatles,9,Let It Be,1970
9,Freda Payne,10,Band Of Gold,1970
10,Three Dog Night,11,Mama Told Me (Not To Come),1970
11,Ray Stevens,12,Everything Is Beautiful,1970
12,Bread,13,Make It With You,1970
13,Vanity Fare,14,Hitchin' A Ride,1970
14,Jackson 5,15,ABC,1970
15,Jackson 5,16,The Love You Save/I Found That Girl,1970
16,Neil Diamond,17,Cracklin' Rosie,1970
17,Dawn,18,Candida,1970
18,Norman Greenbaum,22,Spirit In The Sky,1970
19,Melanie with The Edwin Hawkins Singers,23,Lay Down (Candles In The Rain),1970
20,The Temptations,24,Ball Of Confusion (That's What The World Is Today),1970
21,Free,26,All Right Now,1970
22,Jackson 5,28,I Want You Back,1970
23,Bobby Sherman,29,"Julie, Do Ya Love Me",1970
24,Sugarloaf,30,Green-Eyed Lady,1970
25,Blues Image,32,Ride Captain Ride,1970
26,John Ono Lennon,34,Instant Karma (We All Shine On),1970
27,Clarence Carter,35,Patches,1970
28,Creedence Clearwater Revival,36,Lookin' Out My Back Door/Long As I Can See The Light,1970
29,Brook Benton,37,Rainy Night In Georgia,1970
30,Chairmen Of The Board,39,Give Me Just A Little More Time,1970
31,Edison Lighthouse,40,Love Grows (Where My Rosemary Goes),1970
32,Anne Murray,42,SNOWBIRD,1970
33,Eddie Holman,44,Hey There Lonely Girl,1970
34,Badfinger,48,Come And Get It,1970
35,Tyrone Davis,51,Turn Back The Hands Of Time,1970
36,Mungo Jerry,53,In The Summertime,1970
37,R. Dean Taylor,54,Indiana Wants Me,1970
38,Rare Earth,55,(I Know) I'm Losing You,1970
39,Bobby Sherman,56,"Easy Come, Easy Go",1970
40,Four Tops,58,Still Water (Love),1970
41,Chicago,59,Make Me Smile,1970
42,Frijid Pink,60,House Of The Rising Sun,1970
43,Chicago,61,25 Or 6 To 4,1970
44,White Plains,62,My Baby Loves Lovin',1970
45,Brotherhood Of Man,64,United We Stand,1970
46,Carpenters,65,We've Only Just Begun,1970
47,Mark Lindsay,66,Arizona,1970
48,James Taylor,67,Fire And Rain,1970
49,Gene Chandler,68,Groovy Situation,1970
50,Santana,69,Evil Ways,1970
51,The Guess Who,70,No Time,1970
52,Elvis Presley,72,The Wonder Of You/Mama Liked The Roses,1970
53,Creedence Clearwater Revival,73,Up Around The Bend/Run Through The Jungle,1970
54,B.J. Thomas,75,I Just Can't Help Believing,1970
55,Mountain,78,Mississippi Queen,1970
56,Ike & Tina Turner & The Ikettes,79,I Want To Take You Higher,1970
57,Christie,83,Yellow River,1970
58,100 Proof Aged in Soul,84,Somebody's Been Sleeping,1970
59,Robin McNamara,87,Lay A Little Lovin' On Me,1970
60,The Supremes,88,Up The Ladder To The Roof,1970
61,Creedence Clearwater Revival,89,Travelin' Band/Who'll Stop The Rain,1970
62,The Temptations,91,Psychedelic Shack,1970
63,Tom Jones,92,Without Love (There Is Nothing),1970
64,"Crosby, Stills, Nash & Young",94,Woodstock,1970
65,Dionne Warwick,95,I'll Never Fall In Love Again,1970
66,B.B. King,98,The Thrill Is Gone,1970
67,Glen Campbell,99,It's Only Make Believe,1970
68,Aretha Franklin,100,Call Me,1970
69,Three Dog Night,1,Joy To The World,1971
70,Rod Stewart,2,Maggie May/Reason To Believe,1971
71,Carole King,3,It's Too Late/I Feel The Earth Move,1971
72,Bee Gees,5,How Can You Mend A Broken Heart,1971
73,Donny Osmond,7,Go Away Little Girl,1971
74,The Temptations,9,Just My Imagination (Running Away With Me),1971
75,Al Green,12,Tired Of Being Alone,1971
76,The Honey Cone,13,Want Ads,1971
77,Cornelius Brothers & Sister Rose,15,Treat Her Like A Lady,1971
78,The Rolling Stones,16,BROWN SUGAR,1971
79,James Taylor,17,You've Got A Friend,1971
80,Jean Knight,18,Mr. Big Stuff,1971
81,Lee Michaels,19,Do You Know What I Mean,1971
82,Joan Baez,20,The Night They Drove Old Dixie Down,1971
83,Marvin Gaye,21,What's Going On,1971
84,Paul & Linda McCartney,22,Uncle Albert/Admiral Halsey,1971
85,Five Man Electrical Band,24,Signs,1971
86,Tom Jones,25,She's A Lady,1971
87,Jerry Reed,28,Amos Moses,1971
88,Carpenters,30,Superstar,1971
89,George Harrison,31,My Sweet Lord/Isn't It A Pity,1971
90,Ocean,33,Put Your Hand In The Hand,1971
91,Carpenters,35,For All We Know,1971
92,Gordon Lightfoot,36,If You Could Read My Mind,1971
93,Sammi Smith,37,Help Me Make It Through The Night,1971
94,Jackson 5,40,Never Can Say Goodbye,1971
95,Lynn Anderson,41,Rose Garden,1971
96,"Hamilton, Joe Frank & Reynolds",42,Don't Pull Your Love,1971
97,Ringo Starr,43,It Don't Come Easy,1971
98,Nitty Gritty Dirt Band,44,Mr. Bojangles,1971
99,The Dramatics,46,Whatcha See Is Whatcha Get,1971
100,Carly Simon,47,That's The Way I've Always Heard It Should Be,1971
101,Stevie Wonder,48,If You Really Love Me,1971
102,Aretha Franklin,49,Spanish Harlem,1971
103,Aretha Franklin,52,Bridge Over Troubled Water,1971
104,Tommy James,54,Draggin' The Line,1971
105,Ike & Tina Turner,55,Proud Mary,1971
106,Chicago,56,Beginnings/Colour My World,1971
107,Stampeders,58,Sweet City Woman,1971
108,Bread,61,If,1971
109,Marvin Gaye,62,"Mercy, Mercy Me (The Ecology)",1971
110,Freda Payne,65,Bring The Boys Home,1971
111,Rare Earth,66,I Just Want To Celebrate,1971
112,Delaney & Bonnie & Friends,67,Never Ending Song Of Love,1971
113,Freddie Hart,68,Easy Loving,1971
114,Three Dog Night,69,Liar,1971
115,The Honey Cone,70,Stick-Up,1971
116,Cat Stevens,73,Wild World,1971
117,Jerry Reed,74,"When You're Hot, You're Hot",1971
118,Olivia Newton-John,76,If Not For You,1971
119,King Floyd,77,Groove Me,1971
120,Bobby Goldsboro,78,Watching Scotty Grow,1971
121,Matthews' Southern Comfort,79,Woodstock,1971
122,Judy Collins,80,Amazing Grace,1971
123,Bee Gees,82,Lonely Days,1971
124,Denise LaSalle,85,Trapped By A Thing Called Love,1971
125,Jackson 5,86,Mama's Pearl,1971
126,The Partridge Family,88,I Woke Up In Love This Morning,1971
127,Gladys Knight And The Pips,90,If I Were Your Woman,1971
128,Paul Stookey,92,Wedding Song (There Is Love),1971
129,Richie Havens,95,Here Comes The Sun,1971
130,Wadsworth Mansion,96,Sweet Mary,1971
131,Brenda & The Tabulations,97,Right On The Tip Of My Tongue,1971
132,The Doors,99,Riders On The Storm,1971
133,Perry Como,100,It's Impossible,1971
134,Gilbert O'Sullivan,2,Alone Again (Naturally),1972
135,Don McLean,3,American Pie (Parts I & II),1972
136,Nilsson,4,Without You,1972
137,Joe Tex,6,I Gotcha,1972
138,Bill Withers,7,Lean On Me,1972
139,Mac Davis,8,Baby Don't Get Hooked On Me,1972
140,Melanie,9,Brand New Key,1972
141,Wayne Newton,10,Daddy Don't You Walk So Fast,1972
142,Al Green,11,Let's Stay Together,1972
143,Looking Glass,12,Brandy (You're A Fine Girl),1972
144,Chi-Lites,13,Oh Girl,1972
145,Gallery,14,Nice To Be With You,1972
146,Chuck Berry,15,My Ding-A-Ling,1972
147,Neil Young,17,Heart Of Gold,1972
148,The Stylistics,18,"Betcha By Golly, Wow",1972
149,The Staple Singers,19,I'll Take You There,1972
150,Michael Jackson,20,Ben,1972
151,War,23,Slippin' Into Darkness,1972
152,America,26,A Horse With No Name,1972
153,Neil Diamond,27,Song Sung Blue,1972
154,Hot Butter,28,Popcorn,1972
155,The Main Ingredient,29,Everybody Plays The Fool,1972
156,Climax,30,Precious And Few,1972
157,The Moody Blues,32,Nights In White Satin,1972
158,Raspberries,33,Go All The Way,1972
159,Cornelius Brothers & Sister Rose,34,Too Late To Turn Back Now,1972
160,The O'Jays,35,Back Stabbers,1972
161,Jonathan Edwards,38,Sunshine,1972
162,Badfinger,39,Day After Day,1972
163,Elton John,40,Rocket Man,1972
164,Michael Jackson,41,Rockin' Robin,1972
165,Daniel Boone,42,Beautiful Sunday,1972
166,Dennis Coffey & The Detroit Guitar Band,43,Scorpio,1972
167,Cat Stevens,44,Morning Has Broken,1972
168,Rick Nelson,46,Garden Party,1972
169,Johnny Nash,47,I Can See Clearly Now,1972
170,Elvis Presley,48,Burning Love,1972
171,Betty Wright,49,Clean Up Woman,1972
172,Argent,50,Hold Your Head Up,1972
173,Bread,52,Everything I Own,1972
174,The Dramatics,53,In The Rain,1972
175,Al Green,54,Look What You Done For Me,1972
176,Roberta Flack & Donny Hathaway,56,Where Is The Love,1972
177,T. Rex,57,Bang A Gong (Get It On),1972
178,Paul Simon,58,Mother And Child Reunion,1972
179,Al Green,59,I'm Still In Love With You,1972
180,Derek & The Dominos,60,Layla,1972
181,Aretha Franklin,61,Day Dreaming,1972
182,Three Dog Night,63,Black And White,1972
183,Carpenters,65,Hurting Each Other,1972
184,Nilsson,66,Coconut,1972
185,Beverly Bremers,67,Don't Say You Don't Remember,1972
186,Donny Osmond,68,Puppy Love,1972
187,Jim Croce,69,You Don't Mess Around With Jim,1972
188,Commander Cody & His Lost Planet Airmen,70,Hot Rod Lincoln,1972
189,Apollo 100,72,Joy,1972
190,Carly Simon,73,Anticipation,1972
191,Three Dog Night,74,Never Been To Spain,1972
192,Alice Cooper,76,School's Out,1972
193,Chicago,77,Saturday In The Park,1972
194,Joe Simon,78,Drowning In The Sea Of Love,1972
195,Bill Withers,79,Use Me,1972
196,Sly & The Family Stone,80,Family Affair,1972
197,Joe Simon,84,Power Of Love,1972
198,Jerry Butler & Brenda Lee Eager,85,Ain't Understanding Mellow,1972
199,Harry Chapin,86,Taxi,1972
200,Bobby Vinton,87,Sealed With A Kiss,1972
201,Todd Rundgren,88,I SAW THE LIGHT,1972
202,Sailcat,89,Motorcycle Mama,1972
203,Godspell,90,Day By Day,1972
204,Yes,91,Roundabout,1972
205,Jackson Browne,92,Doctor My Eyes,1972
206,Detroit Emeralds,95,Baby Let Me Take You (In My Arms),1972
207,Rick Springfield,96,Speak To The Sky,1972
208,Jim Croce,2,"Bad, Bad Leroy Brown",1973
209,Roberta Flack,3,Killing Me Softly With His Song,1973
210,Marvin Gaye,4,Let's Get It On,1973
211,Elton John,7,Crocodile Rock,1973
212,Billy Preston,8,Will It Go Round In Circles,1973
213,Carly Simon,9,You're So Vain,1973
214,Diana Ross,10,Touch Me In The Morning,1973
215,Vicki Lawrence,11,The Night The Lights Went Out In Georgia,1973
216,Clint Holmes,12,Playground In My Mind,1973
217,Helen Reddy,14,Delta Dawn,1973
218,Edgar Winter Group,16,Frankenstein,1973
219,The Sweet,18,Little Willy,1973
220,Stevie Wonder,19,You Are The Sunshine Of My Life,1973
221,Cher,20,Half Breed,1973
222,The Isley Brothers,21,That Lady,1973
223,Grand Funk Railroad,23,We're An American Band,1973
224,Dr. John,24,"Right Place, Wrong Time",1973
225,Skylark,25,Wildflower,1973
226,Stevie Wonder,26,Superstition,1973
227,Maureen McGovern,28,The Morning After,1973
228,John Denver,29,Rocky Mountain High,1973
229,Stealers Wheel,30,Stuck In The Middle With You,1973
230,Three Dog Night,31,Shambala,1973
231,The O'Jays,32,Love Train,1973
232,Eddie Kendricks,35,Keep On Truckin',1973
233,Anne Murray,36,Danny's Song,1973
234,King Harvest,37,Dancing In The Moonlight,1973
235,Bloodstone,39,Natural High,1973
236,Seals & Crofts,40,Diamond Girl,1973
237,The Doobie Brothers,41,Long Train Running,1973
238,George Harrison,42,Give Me Love (Give Me Peace On Earth),1973
239,Sly & The Family Stone,43,If You Want Me To Stay,1973
240,Jermaine Jackson,44,Daddy's Home,1973
241,Gladys Knight And The Pips,45,Neither One Of Us (Wants To Be The First To Say Goodbye),1973
242,New York City,46,I'm Doing Fine Now,1973
243,Spinners,47,Could It Be I'm Falling In Love,1973
244,Elton John,48,Daniel,1973
245,Gladys Knight And The Pips,49,Midnight Train To Georgia,1973
246,Deep Purple,50,Smoke On The Water,1973
247,Charlie Rich,52,Behind Closed Doors,1973
248,Loggins & Messina,53,Your Mama Don't Dance,1973
249,Chicago,54,Feelin' Stronger Every Day,1973
250,War,55,Cisco Kid,1973
251,Wings,56,Live And Let Die,1973
252,Johnnie Taylor,58,I Believe In You,1973
253,Carpenters,59,Sing,1973
254,Eric Weissberg & Steve Mandell,61,Dueling Banjos,1973
255,Stevie Wonder,62,Higher Ground,1973
256,Al Green,63,Here I Am (Come And Take Me),1973
257,Curtis Mayfield,65,Superfly,1973
258,Edward Bear,66,Last Song,1973
259,Gilbert O'Sullivan,67,Get Down,1973
260,Steely Dan,68,Reelin' In The Years,1973
261,Focus,69,Hocus Pocus,1973
262,Carpenters,70,Yesterday Once More,1973
263,Bette Midler,71,Boogie Woogie Bugle Boy,1973
264,Gilbert O'Sullivan,72,Clair,1973
265,Steely Dan,73,Do It Again,1973
266,Paul Simon,74,Kodachrome,1973
267,Timmy Thomas,75,Why Can't We Live Together,1973
268,Tower Of Power,77,So Very Hard To Go,1973
269,The Temptations,80,Masterpiece,1973
270,Helen Reddy,81,Peaceful,1973
271,Spinners,82,One Of A Kind (Love Affair),1973
272,Donna Fargo,83,Funny Face,1973
273,Ohio Players,84,Funky Worm,1973
274,The Rolling Stones,85,ANGIE,1973
275,Lobo,87,Don't Expect Me To Be Your Friend,1973
276,The Stylistics,88,Break Up To Make Up,1973
277,Jud Strunk,89,Daisy A Day,1973
278,Deodato,90,Also Sprach Zarathustra (2001),1973
279,Johnny Nash,91,Stir It Up,1973
280,Pink Floyd,92,Money,1973
281,War,93,Gypsy Man,1973
282,War,94,The World Is A Ghetto,1973
283,The Pointer Sisters,95,Yes We Can Can,1973
284,Edgar Winter Group,96,FREE RIDE,1973
285,David Bowie,97,Space Oddity,1973
286,Albert Hammond,98,It Never Rains In Southern California,1973
287,Donny Osmond,99,The Twelfth Of Never,1973
288,Barbra Streisand,1,The Way We Were,1974
289,Terry Jacks,2,Seasons In The Sun,1974
290,Love Unlimited Orchestra,3,Love's Theme,1974
291,Redbone,4,Come And Get Your Love,1974
292,Jackson 5,5,Dancing Machine,1974
293,MFSB,7,Tsop,1974
294,Ray Stevens,8,The Streak,1974
295,Elton John,9,Bennie And The Jets,1974
296,Mac Davis,10,One Hell Of A Woman,1974
297,Aretha Franklin,11,Until You Come Back To Me (That's What I'm Gonna Do),1974
298,Kool & The Gang,12,Jungle Boogie,1974
299,Maria Muldaur,13,Midnight At The Oasis,1974
300,The Stylistics,14,You Make Me Feel Brand New,1974
301,Al Wilson,15,Show And Tell,1974
302,David Essex,17,Rock On,1974
303,John Denver,18,Sunshine On My Shoulders,1974
304,Blue Swede,20,Hooked On A Feeling,1974
305,Paul McCartney And Wings,22,Band On The Run,1974
306,Charlie Rich,23,The Most Beautiful Girl,1974
307,Jim Croce,24,Time In A Bottle,1974
308,John Denver,25,Annie's Song,1974
309,Olivia Newton-John,27,Let Me Be There,1974
310,Gordon Lightfoot,28,Sundown,1974
311,Andy Kim,29,Rock Me Gently,1974
312,Eddie Kendricks,30,Boogie Down,1974
313,Ringo Starr,31,You're Sixteen,1974
314,Olivia Newton-John,32,If You Love Me (let Me Know),1974
315,Cher,33,Dark Lady,1974
316,Roberta Flack,35,Feel Like Makin' Love,1974
317,The Main Ingredient,36,Just Don't Want To Be Lonely,1974
318,Billy Preston,37,Nothing From Nothing,1974
319,Carpenters,39,Top Of The World,1974
320,The Steve Miller Band,40,THE JOKER,1974
321,Gladys Knight And The Pips,41,I've Got To Use My Imagination,1974
322,Three Dog Night,42,The Show Must Go On,1974
323,Stevie Wonder,44,Living For The City,1974
324,Dionne Warwick And The Spinners,46,Then Came You,1974
325,Paper Lace,47,The Night Chicago Died,1974
326,Marvin Hamlisch,48,The Entertainer,1974
327,ABBA,49,Waterloo,1974
328,The Hollies,50,The Air That I Breathe,1974
329,Steely Dan,51,Rikki Don't Lose That Number,1974
330,Joni Mitchell,53,Help Me,1974
331,Anne Murray,54,You Won't See Me,1974
332,Helen Reddy,57,You And Me Against The World,1974
333,William DeVaughn,60,Be Thankful For What You Got,1974
334,Johnny Bristol,61,Hang On In There Baby,1974
335,Mocedades,62,Eres Tu (Touch The Wind),1974
336,Golden Earring,64,Radar Love,1974
337,Dave Loggins,65,Please Come To Boston,1974
338,Wet Willie,66,Keep On Smilin',1974
339,Bobby Womack,67,Lookin' For A Love,1974
340,The O'Jays,68,Put Your Hands Together,1974
341,Gladys Knight And The Pips,69,On And On,1974
342,Cat Stevens,70,Oh Very Young,1974
343,Helen Reddy,71,Leave Me Alone (ruby Red Dress),1974
344,Elton John,72,Goodbye Yellow Brick Road,1974
345,Ringo Starr,74,Oh My My,1974
346,The O'Jays,75,For The Love Of Money,1974
347,Eric Clapton,76,I Shot The Sheriff,1974
348,Paul McCartney And Wings,77,Jet,1974
349,Elton John,78,Don't Let The Sun Go Down On Me,1974
350,Mike Oldfield,79,Tubular Bells,1974
351,Anne Murray,80,Love Song,1974
352,Todd Rundgren,82,Hello It's Me,1974
353,Tom T. Hall,83,I Love,1974
354,The Guess Who,84,Clap For The Wolfman,1974
355,Jim Croce,85,I'll Have To Say I Love You In A Song,1974
356,Sister Janet Mead,86,The Lord's Prayer,1974
357,Lamont Dozier,87,Trying To Hold On To My Woman,1974
358,Charlie Rich,89,A Very Special Love Song,1974
359,Jim Stafford,90,My Girl Bill,1974
360,Paul McCartney And Wings,91,Helen Wheels,1974
361,Diana Ross And Marvin Gaye,92,My Mistake Was To Love You,1974
362,Jim Stafford,93,Wildwood Weed,1974
363,First Class,94,Beach Baby,1974
364,War,95,Me And Baby Brother,1974
365,The Stylistics,96,Rockin' Roll Baby,1974
366,Olivia Newton-John,97,I Honestly Love You,1974
367,Chicago,98,Call On Me,1974
368,Fancy,99,Wild Thing,1974
369,Captain & Tennille,1,Love Will Keep Us Together,1975
370,Glen Campbell,2,Rhinestone Cowboy,1975
371,Elton John,3,Philadelphia Freedom,1975
372,Freddy Fender,4,Before The Next Teardrop Falls,1975
373,Frankie Valli,5,My Eyes Adored You,1975
374,Grand Funk,6,Some Kind Of Wonderful,1975
375,David Bowie,8,Fame,1975
376,Neil Sedaka,9,Laughter In The Rain,1975
377,Eagles,10,One Of These Nights,1975
378,John Denver,11,Thank God I'm A Country Boy,1975
379,Bee Gees,12,Jive Talkin',1975
380,Eagles,13,Best Of My Love,1975
381,Minnie Riperton,14,Lovin' You,1975
382,Carl Douglas,15,Kung Fu Fighting,1975
383,The Doobie Brothers,16,Black Water,1975
384,Sweet,17,Ballroom Blitz,1975
385,B.J. Thomas,18,(Hey Won't You Play) Another Somebody Done Somebody Wrong Song,1975
386,Tony Orlando & Dawn,19,He Don't Love You (Like I Love You),1975
387,Janis Ian,20,At Seventeen,1975
388,Average White Band,21,Pick Up The Pieces,1975
389,Labelle,23,Lady Marmalade,1975
390,War,24,Why Can't We Be Friends?,1975
391,Major Harris,25,Love Won't Let Me Wait,1975
392,Stevie Wonder,26,Boogie On Reggae Woman,1975
393,Helen Reddy,28,Angie Baby,1975
394,Ozark Mountain Daredevils,30,Jackie Blue,1975
395,Ohio Players,31,Fire,1975
396,Pilot,32,Magic,1975
397,Carpenters,33,Please Mr. Postman,1975
398,America,34,Sister Golden Hair,1975
399,Elton John,35,Lucy In The Sky With Diamonds,1975
400,Barry Manilow,36,Mandy,1975
401,Olivia Newton-John,37,Have You Never Been Mellow,1975
402,Barry Manilow,38,Could It Be Magic,1975
403,Harry Chapin,39,Cat's In The Cradle,1975
404,Michael Murphey,40,Wildfire,1975
405,10cc,43,I'm Not In Love,1975
406,Billy Swan,44,I Can Help,1975
407,"Hamilton, Joe Frank & Reynolds",45,Fallin' In Love,1975
408,Morris Albert,46,Feelings,1975
409,Linda Ronstadt,47,When Will I Be Loved,1975
410,Sammy Johns,48,Chevy Van,1975
411,Barry White,49,"You're The First, The Last, My Everything",1975
412,Olivia Newton-John,50,Please Mr. Please,1975
413,Linda Ronstadt,51,You're No Good,1975
414,The Blackbyrds,53,Walking In Rhythm,1975
415,Gladys Knight And The Pips,54,The Way We Were/try To Remember,1975
416,Melissa Manchester,55,Midnight Blue,1975
417,Sugarloaf/Jerry Corbetta,56,"Don't Call Us, We'll Call You",1975
418,Phoebe Snow,57,Poetry Man,1975
419,Ace,58,How Long,1975
420,B.T. Express,59,Express,1975
421,Styx,61,Lady,1975
422,Grand Funk,62,Bad Time,1975
423,Alice Cooper,63,Only Women Bleed,1975
424,Carol Douglas,64,Doctor's Orders,1975
425,Paul Anka with Odia Coates,66,One Man Woman/One Woman Man,1975
426,Bad Company,67,Feel Like Makin' Love,1975
427,James Taylor,68,How Sweet It Is (To Be Loved By You),1975
428,Orleans,69,Dance With Me,1975
429,Average White Band,70,Cut The Cake,1975
430,Gloria Gaynor,71,Never Can Say Goodbye,1975
431,Paul Anka,72,I Don't Like To Sleep Alone,1975
432,Donny & Marie Osmond,73,Morning Side Of The Mountain,1975
433,Joe Simon,75,"Get Down, Get Down (Get On The Floor)",1975
434,Queen,76,Killer Queen,1975
435,Eddie Kendricks,77,Shoeshine Boy,1975
436,Electric Light Orchestra,79,Can't Get It Out Of My Head,1975
437,Al Green,80,Sha-la-la (makes Me Happy),1975
438,America,81,Lonely People,1975
439,Mike Post,82,Rockford Files,1975
440,Tavares,83,It Only Takes A Minute,1975
441,Ringo Starr,85,No No Song/snookeroo,1975
442,Jethro Tull,87,Bungle In The Jungle,1975
443,Leo Sayer,88,Long Tall Glasses (I Can Dance),1975
444,Ray Stevens,89,Misty,1975
445,Elton John,90,Someone Saved My Life Tonight,1975
446,Neil Sedaka,91,Bad Blood,1975
447,Carpenters,92,Only Yesterday,1975
448,Ringo Starr,94,Only You,1975
449,Amazing Rhythm Aces,95,Third Rate Romance,1975
450,Bachman-Turner Overdrive,96,You Ain't Seen Nothing Yet/Free Wheelin',1975
451,Frankie Valli,97,Swearin' To God,1975
452,Wings,1,Silly Love Songs,1976
453,Elton John & Kiki Dee,2,Don't Go Breaking My Heart,1976
454,Johnnie Taylor,3,Disco Lady,1976
455,Wild Cherry,5,Play That Funky Music,1976
456,Paul Simon,8,50 Ways To Leave Your Lover,1976
457,Gary Wright,9,Love Is Alive,1976
458,Walter Murphy & The Big Apple Band,10,A Fifth Of Beethoven,1976
459,Starland Vocal Band,12,Afternoon Delight,1976
460,Barry Manilow,13,I Write The Songs,1976
461,Silver Convention,14,"Fly, Robin, Fly",1976
462,Diana Ross,15,Love Hangover,1976
463,Seals & Crofts,16,Get Closer,1976
464,Andrea True Connection,17,"More, More, More",1976
465,Queen,18,Bohemian Rhapsody,1976
466,Dorothy Moore,19,Misty Blue,1976
467,The Sylvers,20,Boogie Fever,1976
468,England Dan & John Ford Coley,21,I'd Really Love To See You Tonight,1976
469,Nazareth,23,Love Hurts,1976
470,Silver Convention,24,Get Up And Boogie,1976
471,Eagles,25,Take It To The Limit,1976
472,Commodores,27,Sweet Love,1976
473,Maxine Nightingale,28,Right Back Where We Started From,1976
474,Ohio Players,30,Love Rollercoaster,1976
475,Bee Gees,31,You Should Be Dancing,1976
476,Lou Rawls,32,You'll Never Find Another Love Like Mine,1976
477,David Bowie,33,Golden Years,1976
478,Starbuck,34,Moonlight Feels Right,1976
479,Dr. Hook,35,Only Sixteen,1976
480,Bellamy Brothers,36,Let Your Love Flow,1976
481,Vicki Sue Robinson,38,Turn The Beat Around,1976
482,Captain & Tennille,39,Lonely Night (angel Face),1976
483,Eric Carmen,40,All By Myself,1976
484,Donna Summer,41,Love To Love You Baby,1976
485,Donny & Marie Osmond,42,Deep Purple,1976
486,Rufus Featuring Chaka Khan,44,Sweet Thing,1976
487,Dr. Hook,46,A Little Bit More,1976
488,Henry Gross,47,Shannon,1976
489,Chicago,48,If You Leave Me Now,1976
490,Boz Scaggs,49,Lowdown,1976
491,Peter Frampton,50,Show Me The Way,1976
492,Aerosmith,51,Dream On,1976
493,The O'Jays,52,I Love Music (Part 1),1976
494,Fleetwood Mac,53,Say You Love Me,1976
495,Cliff Richard,55,Devil Woman,1976
496,Elvin Bishop,56,Fooled Around And Fell In Love,1976
497,C.W. McCall,57,Convoy,1976
498,John Sebastian,58,Welcome Back,1976
499,"Earth, Wind & Fire",59,Sing A Song,1976
500,Tavares,60,HEAVEN MUST BE MISSING AN ANGEL,1976
501,The Brothers Johnson,61,I'll Be Good To You,1976
502,The Beach Boys,62,Rock And Roll Music,1976
503,Captain & Tennille,63,Shop Around,1976
504,Bay City Rollers,64,Saturday Night,1976
505,Elton John,65,Island Girl,1976
506,The Staple Singers,66,Let's Do It Again (Soundtrack),1976
507,George Benson,69,This Masquerade,1976
508,Electric Light Orchestra,70,Evil Woman,1976
509,Silver,71,Wham Bam,1976
510,Keith Carradine,72,I'm Easy,1976
511,Harold Melvin And The Blue Notes,73,Wake Up Everybody (Part 1),1976
512,War,74,Summer,1976
513,John Travolta,75,Let Her In,1976
514,Sweet,76,Fox On The Run,1976
515,Fleetwood Mac,77,Rhiannon (Will You Ever Win),1976
516,The Beatles,78,Got To Get You Into My Life,1976
517,Bee Gees,79,Fanny (Be Tender With My Love),1976
518,"Earth, Wind & Fire",80,Getaway,1976
519,Orleans,82,Still The One,1976
520,Queen,83,You're My Best Friend,1976
521,Jefferson Starship,84,With Your Love,1976
522,Foghat,85,Slow Ride,1976
523,Ohio Players,86,Who'd She Coo?,1976
524,Thin Lizzy,87,The Boys Are Back In Town,1976
525,David Ruffin,88,Walk Away From Love,1976
526,Peter Frampton,89,Baby I Love Your Way,1976
527,Candi Staton,90,Young Hearts Run Free,1976
528,Neil Sedaka,91,Breaking Up Is Hard To Do,1976
529,Bay City Rollers,92,Money Honey,1976
530,Parliament,93,Tear The Roof Off The Sucker,1976
531,Larry Groce,94,Junk Food Junkie,1976
532,Barry Manilow,95,Tryin' To Get The Feeling Again,1976
533,KISS,96,Rock And Roll All Night (Live Version),1976
534,Rick Dees,97,Disco Duck,1976
535,The Steve Miller Band,98,Take The Money And Run,1976
536,The Who,99,Squeeze Box,1976
537,Glen Campbell,100,Country Boy (you Got Your Feet In L.a.),1976
538,Rod Stewart,1,Tonight's The Night (Gonna Be Alright),1977
539,Andy Gibb,2,I Just Want To Be Your Everything,1977
540,The Emotions,3,Best Of My Love,1977
541,Hot,5,Angel In Your Arms,1977
542,Kenny Nolan,6,I Like Dreamin',1977
543,Thelma Houston,7,DON't LEAVE ME THIS WAY,1977
544,Rita Coolidge,8,(Your Love Has Lifted Me) Higher And Higher,1977
545,Alan O'Day,9,Undercover Angel,1977
546,Mary Macgregor,10,Torn Between Two Lovers,1977
547,ABBA,12,Dancing Queen,1977
548,Leo Sayer,13,You Make Me Feel Like Dancing,1977
549,Jimmy Buffett,14,Margaritaville,1977
550,Electric Light Orchestra,15,Telephone Line,1977
551,Pablo Cruise,16,Whatcha Gonna Do?,1977
552,Stevie Wonder,18,Sir Duke,1977
553,Eagles,19,Hotel California,1977
554,Marvin Gaye,20,Got To Give It Up (Pt. 1),1977
555,Bill Conti,21,Theme From Rocky (gonna Fly Now),1977
556,Glen Campbell,22,Southern Nights,1977
557,Leo Sayer,24,When I Need You,1977
558,The Sylvers,25,Hot Line,1977
559,Rose Royce,26,Car Wash,1977
560,The Steve Miller Band,28,Fly Like An Eagle,1977
561,David Soul,29,Don't Give Up On Us,1977
562,Stephen Bishop,30,On And On,1977
563,Foreigner,31,Feels Like The First Time,1977
564,Climax Blues Band,32,Couldn't Get It Right,1977
565,Commodores,33,Easy,1977
566,Jennifer Warnes,34,Right Time Of The Night,1977
567,Natalie Cole,35,I've Got Love On My Mind,1977
568,Manfred Mann's Earth Band,36,BLINDED BY THE LIGHT,1977
569,Barry Manilow,37,Looks Like We Made It,1977
570,Atlanta Rhythm Section,38,So In To You,1977
571,Fleetwood Mac,39,DREAMS,1977
572,Brick,41,DAZZ,1977
573,Peter Frampton,42,I'm In You,1977
574,Kenny Rogers,43,Lucille,1977
575,Shaun Cassidy,45,Da Doo Ron Ron,1977
576,James Taylor,46,Handy Man,1977
577,Alice Cooper,48,You And Me,1977
578,Johnny Rivers,49,Swayin' To The Music (Slow Dancin'),1977
579,Andrew Gold,50,Lonely Boy,1977
580,Stevie Wonder,51,I Wish,1977
581,Fleetwood Mac,52,Don't Stop,1977
582,Heart,53,Barracuda,1977
583,The Brothers Johnson,54,Strawberry Letter 23,1977
584,Bob Seger,55,Night Moves,1977
585,Helen Reddy,56,You're My World,1977
586,Marshall Tucker Band,57,Heard It In A Love Song,1977
587,Kansas,58,Carry On Wayward Son,1977
588,Eagles,59,New Kid In Town/victim Of Love,1977
589,Engelbert Humperdinck,61,After The Lovin',1977
590,The Steve Miller Band,62,Jet Airliner,1977
591,Burton Cummings,63,Stand Tall,1977
592,Elvis Presley,64,Way Down,1977
593,Barry Manilow,65,Weekend In New England,1977
594,Ronnie Milsap,66,It Was Almost Like A Song,1977
595,Foreigner,68,Cold As Ice,1977
596,Dean Friedman,69,Ariel,1977
597,Bread,70,Lost Without Your Love,1977
598,Meco,71,Theme From Star Wars,1977
599,The Floaters,72,Float On,1977
600,David Dundas,73,Jeans On,1977
601,Boz Scaggs,74,Lido Shuffle,1977
602,Bay City Rollers,76,You Made Me Believe In Magic,1977
603,Electric Light Orchestra,77,Livin' Thing,1977
604,Supertramp,78,Give A Little Bit,1977
605,Bee Gees,80,Love So Right,1977
606,Alice Cooper,82,I Never Cry,1977
607,Carly Simon,83,Nobody Does It Better,1977
608,The Sylvers,84,High School Dance,1977
609,Kenny Nolan,85,Love's Grown Deep,1977
610,Joe Tex,86,Ain't Gonna Bump No More (with No Big Fat Woman),1977
611,Rose Royce,87,I Wanna Get Next To You,1977
612,Queen,88,Somebody To Love,1977
613,Captain & Tennille,89,Muskrat Love,1977
614,Aerosmith,90,Walk This Way,1977
615,Al Stewart,92,Year Of The Cat,1977
616,Heatwave,93,Boogie Nights,1977
617,Fleetwood Mac,94,Go Your Own Way,1977
618,Elton John,95,Sorry Seems To Be The Hardest Word,1977
619,B.J. Thomas,96,Don't Worry Baby,1977
620,ABBA,97,"Knowing Me, Knowing You",1977
621,Leo Sayer,98,How Much Love,1977
622,London Symphony Orchestra,99,Theme From Star Wars,1977
623,C.J. & Company,100,Devil's Gun,1977
624,Andy Gibb,1,Shadow Dancing,1978
625,Bee Gees,2,Night Fever,1978
626,Debby Boone,3,You Light Up My Life,1978
627,Bee Gees,4,Stayin' Alive,1978
628,Exile,5,KISS YOU ALL OVER,1978
629,Bee Gees,6,How Deep Is Your Love,1978
630,Player,7,Baby Come Back,1978
631,Andy Gibb,8,Love Is Thicker Than Water,1978
632,A Taste Of Honey,9,Boogie Oogie Oogie,1978
633,Commodores,10,Three Times A Lady,1978
634,Frankie Valli,11,Grease,1978
635,Paul Davis,12,I Go Crazy,1978
636,John Travolta & Olivia Newton-John,13,You're The One That I Want,1978
637,Samantha Sang,14,Emotion,1978
638,Eric Clapton,15,Lay Down Sally,1978
639,The Rolling Stones,16,Miss You,1978
640,Billy Joel,17,Just The Way You Are,1978
641,Wings,18,With A Little Luck,1978
642,Yvonne Elliman,19,If I Can't Have You,1978
643,Chic,20,"Dance, Dance, Dance (Yowsah, Yowsah, Yowsah)",1978
644,Chuck Mangione,21,Feels So Good,1978
645,Sweet,23,Love Is Like Oxygen,1978
646,Bonnie Tyler,24,It's A Heartache,1978
647,Gerry Rafferty,26,Baker Street,1978
648,Meat Loaf,30,TWO OUT OF THREE AIN't BAD,1978
649,ABBA,32,Take A Chance On Me,1978
650,Dan Hill,33,Sometimes When We Touch,1978
651,Donna Summer,34,Last Dance,1978
652,Olivia Newton-John,35,Hopelessly Devoted To You,1978
653,Foreigner,36,Hot Blooded,1978
654,Roberta Flack With Donny Hathaway,38,The Closer I Get To You,1978
655,Kansas,39,Dust In The Wind,1978
656,Randy Newman,41,Short People,1978
657,The O'Jays,42,Use Ta Be My Girl,1978
658,Natalie Cole,43,Our Love,1978
659,Pablo Cruise,44,Love Will Find A Way,1978
660,Andy Gibb,45,An Everlasting Love,1978
661,John Paul Young,46,Love Is In The Air,1978
662,David Gates,47,Goodbye Girl,1978
663,Paul Simon,48,Slip Slidin' Away,1978
664,Heatwave,49,The Groove Line,1978
665,Jay Ferguson,50,Thunder Island,1978
666,Atlanta Rhythm Section,51,Imaginary Lover,1978
667,Bob Seger & The Silver Bullet Band,52,Still The Same,1978
668,Toby Beau,53,My Angel Baby,1978
669,The Trammps,54,Disco Inferno,1978
670,George Benson,55,On Broadway,1978
671,Styx,56,Come Sail Away,1978
672,Player,58,This Time I'm In It For Love,1978
673,Carly Simon,59,You Belong To Me,1978
674,Dolly Parton,60,Here You Come Again,1978
675,Linda Ronstadt,61,Blue Bayou,1978
676,Steely Dan,62,Peg,1978
677,Anne Murray,63,You Needed Me,1978
678,Little River Band,65,Reminiscing,1978
679,Jefferson Starship,66,Count On Me,1978
680,Eddie Money,67,Baby Hold On,1978
681,Shaun Cassidy,68,Hey Deanie,1978
682,John Travolta & Olivia Newton-John,69,Summer Nights,1978
683,Lynyrd Skynyrd,70,What's Your Name,1978
684,Crystal Gayle,71,Don't It Make My Brown Eyes Blue,1978
685,Robert Palmer,73,Every Kinda People,1978
686,Barry Manilow,74,Copacabana,1978
687,Rick James,76,You And I,1978
688,"Earth, Wind & Fire",77,Serpentine Fire,1978
689,Bob Welch,78,Sentimental Lady,1978
690,Le Blanc & Carr,79,Falling,1978
691,Santa Esmeralda,80,Don't Let Me Be Misunderstood,1978
692,Michael Johnson,81,Bluer Than Blue,1978
693,Jackson Browne,82,Running On Empty,1978
694,Foxy,85,Get Off,1978
695,Joe Walsh,87,Life's Been Good,1978
696,High Inergy,89,You Can't Turn Me Off (In The Middle Of Turning Me On),1978
697,Linda Ronstadt,90,It's So Easy,1978
698,Odyssey,91,Native New Yorker,1978
699,Parliament,92,Flashlight,1978
700,Boston,93,Don't Look Back,1978
701,Electric Light Orchestra,94,Turn To Stone,1978
702,Eruption,95,I Can't Stand The Rain,1978
703,Bob Welch,96,Ebony Eyes,1978
704,ABBA,97,The Name Of The Game,1978
705,Rita Coolidge,98,We're All Alone,1978
706,Bob Seger & The Silver Bullet Band,99,Hollywood Nights,1978
707,Steely Dan,100,Deacon Blues,1978
708,The Knack,1,My Sharona,1979
709,Donna Summer,2,BAD GIRLS,1979
710,Chic,3,Le Freak,1979
711,Rod Stewart,4,DO YA THINK I'm SEXY,1979
712,Peaches & Herb,5,Reunited,1979
713,Gloria Gaynor,6,I Will Survive,1979
714,Donna Summer,7,Hot Stuff,1979
715,Village People,8,Y.M.C.A.,1979
716,Anita Ward,9,Ring My Bell,1979
717,Robert John,10,Sad Eyes,1979
718,Bee Gees,11,Too Much Heaven,1979
719,Dr. Hook,13,When You're In Love With A Beautiful Woman,1979
720,David Naughton,14,Makin' It,1979
721,The Pointer Sisters,15,Fire,1979
722,Bee Gees,16,Tragedy,1979
723,Olivia Newton-John,17,A Little More Love,1979
724,Blondie,18,Heart Of Glass,1979
725,The Doobie Brothers,19,What A Fool Believes,1979
726,Chic,20,GOOD TIMES,1979
727,Barbra Streisand & Neil Diamond,21,You Don't Bring Me Flowers,1979
728,Amii Stewart,22,Knock On Wood,1979
729,Maxine Nightingale,24,Lead Me On,1979
730,Melissa Manchester,26,Don't Cry Out Loud,1979
731,Supertramp,27,The Logical Song,1979
732,Billy Joel,28,My Life,1979
733,Randy VanWarmer,29,Just When I Needed You Most,1979
734,Raydio,30,You Can't Change That,1979
735,Peaches & Herb,31,Shake Your Groove Thing,1979
736,Dionne Warwick,32,I'll Never Love This Way Again,1979
737,Bee Gees,33,Love You Inside Out,1979
738,Cheap Trick,34,I Want You To Want Me,1979
739,Barbra Streisand,35,Main Event,1979
740,Elton John,36,Mama Can't Buy You Love,1979
741,Leif Garrett,37,I Was Made For Dancing,1979
742,"Earth, Wind & Fire",38,After The Love Has Gone,1979
743,Kenny Rogers,40,The Gambler,1979
744,Nicolette Larson,41,Lotta Love,1979
745,Little River Band,42,Lady,1979
746,Bonnie Pointer,43,Heaven Must Have Sent You,1979
747,Toto,44,Hold The Line,1979
748,Sister Sledge,45,He's The Greatest Dancer,1979
749,Dr. Hook,46,Sharing The Night Together,1979
750,Kenny Rogers,47,She Believes In Me,1979
751,Village People,48,In The Navy,1979
752,Frank Mills,49,Music Box Dancer,1979
753,Charlie Daniels Band,50,The Devil Went Down To Georgia,1979
754,John Stewart,51,Gold,1979
755,Wings,52,Goodnight Tonight,1979
756,Sister Sledge,53,We Are Family,1979
757,Bad Company,54,Rock 'n' Roll Fantasy,1979
758,Hot Chocolate,55,Every 1's A Winner,1979
759,Cher,56,Take Me Home,1979
760,"Earth, Wind & Fire",57,Boogie Wonderland,1979
761,Andy Gibb,58,(Our Love) Don't Throw It All Away,1979
762,Bobby Caldwell,59,What You Won't Do For Love,1979
763,Ace Frehley,60,New York Groove,1979
764,Dire Straits,61,Sultans Of Swing,1979
765,Chic,62,I Want Your Love,1979
766,McFadden & Whitehead,65,Ain't No Stoppin' Us Now,1979
767,Little River Band,66,Lonesome Loser,1979
768,Styx,67,Renegade,1979
769,England Dan & John Ford Coley,68,LOVE IS THE ANSWER,1979
770,Cheryl Lynn,69,Got To Be Real,1979
771,Patrick Hernandez,70,Born To Be Alive,1979
772,Electric Light Orchestra,71,Shine A Little Love,1979
773,Anne Murray,72,I Just Fall In Love Again,1979
774,Ian Matthews,73,Shake It,1979
775,KISS,74,I Was Made For Lovin' You,1979
776,Gino Vannelli,75,I Just Wanna Stop,1979
777,Linda Ronstadt,77,Ooh Baby Baby,1979
778,"Earth, Wind & Fire",78,September,1979
779,Al Stewart,79,Time Passages,1979
780,Herb Alpert,80,Rise,1979
781,Electric Light Orchestra,81,Don't Bring Me Down,1979
782,Eric Clapton,82,Promises,1979
783,Roger Voudoris,83,Get Used To It,1979
784,Ambrosia,84,How Much I Feel,1979
785,Eddie Rabbitt,85,Suspicions,1979
786,Rex Smith,86,You Take My Breath Away,1979
787,Alice Cooper,87,How You Gonna See Me Now,1979
788,Foreigner,88,Double Vision,1979
789,Barry Manilow,93,Somewhere In The Night,1979
790,Bob Seger,94,We've Got Tonight,1979
791,Van Halen,95,Dance The Night Away,1979
792,Nigel Olsson,96,Dancing Shoes,1979
793,Diana Ross,97,The Boss,1979
794,Commodores,98,Sail On,1979
795,Firefall,100,Strange Way,1979
796,Olivia Newton-John,3,Magic,1980
797,Michael Jackson,4,Rock With You,1980
798,Captain & Tennille,5,Do That To Me One More Time,1980
799,Queen,6,Crazy Little Thing Called Love,1980
800,Lipps Inc.,8,Funkytown,1980
801,Bette Midler,10,The Rose,1980
802,Rupert Holmes,11,Escape,1980
803,Gary Numan,12,Cars,1980
804,Smokey Robinson,13,CRUISIN',1980
805,Air Supply,15,Lost In Love,1980
806,Elton John,16,Little Jeannie,1980
807,Christopher Cross,17,Ride Like The Wind,1980
808,Diana Ross,18,Upside Down,1980
809,Styx,20,Babe,1980
810,Billy Preston & Syreeta,21,With You I'm Born Again,1980
811,The Manhattans,22,Shining Star,1980
812,Commodores,23,Still,1980
813,Dr. Hook,25,Sexy Eyes,1980
814,Robbie Dupree,26,Steal Away,1980
815,Ambrosia,27,Biggest Part Of Me,1980
816,Kenny Loggins,28,This Is It,1980
817,Jermaine Jackson,30,Let's Get Serious,1980
818,Christopher Cross,32,Sailing,1980
819,Dan Fogelberg,33,Longer,1980
820,Kenny Rogers,34,Coward Of The County,1980
821,Kool & The Gang,35,Ladies Night,1980
822,Kool & The Gang,36,TOO HOT,1980
823,Kim Carnes,39,More Love,1980
824,M,40,Pop Muzik,1980
825,Pretenders,41,Brass In Pocket,1980
826,"Ray, Goodman & Brown",42,Special Lady,1980
827,Stevie Wonder,43,Send One Your Love,1980
828,Shalamar,44,The Second Time Around,1980
829,Cliff Richard,45,We Don't Talk Anymore,1980
830,The Brothers Johnson,46,Stomp,1980
831,Eagles,47,Heartache Tonight,1980
832,Rocky Burnette,48,Tired Of Toein' The Line,1980
833,Dr. Hook,49,Better Love Next Time,1980
834,Rupert Holmes,50,Him,1980
835,Donna Summer,52,On The Radio,1980
836,The Rolling Stones,53,Emotional Rescue,1980
837,Herb Alpert,54,Rise,1980
838,Air Supply,55,All Out Of Love,1980
839,Little River Band,56,Cool Change,1980
840,J.D. Souther,57,You're Only Lonely,1980
841,Andy Gibb,58,Desire,1980
842,Pete Townshend,59,Let My Love Open The Door,1980
843,Steve Forbert,60,Romeo's Tune,1980
844,Anne Murray,61,Daydream Believer,1980
845,Eagles,62,I Can't Tell You Why,1980
846,Isaac Hayes,63,Don't Let Go,1980
847,Michael Jackson,65,She's Out Of My Life,1980
848,Irene Cara,66,Fame,1980
849,Linda Ronstadt,68,How Do I Make You,1980
850,Benny Mardones,69,Into The Night,1980
851,Pure Prairie League,70,Let Me Love You Tonight,1980
852,Genesis,71,Misunderstanding,1980
853,The Dirt Band,72,An American Dream,1980
854,Carole King,73,One Fine Day,1980
855,Donna Summer,74,DIM ALL THE LIGHTS,1980
856,Billy Joel,75,You May Be Right,1980
857,Neil Sedaka & Dara Sedaka,76,Should've Never Let You Go,1980
858,Charlie Dore,77,Pilot Of The Airwaves,1980
859,Linda Ronstadt,78,Hurt So Bad,1980
860,Michael Jackson,79,Off The Wall,1980
861,Peaches & Herb,80,I Pledge My Love,1980
862,Eagles,81,The Long Run,1980
863,Mickey Gilley,82,Stand By Me,1980
864,Pat Benatar,83,Heartbreaker,1980
865,Eddie Rabbitt,85,Drivin' My Life Away,1980
866,Supertramp,86,Take The Long Way Home,1980
867,Fleetwood Mac,87,Sara,1980
868,Boz Scaggs,89,Jo Jo,1980
869,Neil Diamond,90,September Morn',1980
870,George Benson,91,Give Me The Night,1980
871,Anne Murray,92,Broken Hearted Me,1980
872,Kenny Rogers,93,You Decorated My Life,1980
873,Fleetwood Mac,94,Tusk,1980
874,Prince,95,I Wanna Be Your Lover,1980
875,The Charlie Daniels Band,96,In America,1980
876,Boz Scaggs,97,Breakdown Dead Ahead,1980
877,Barry Manilow,98,Ships,1980
878,Joe Walsh,99,All Night Long,1980
